{"cameraMode":{"drawMode":0,"name":"Shaded","section":"Shading Mode"},"sceneLighting":true,"audioPlay":false,"sceneViewState":{"m_AlwaysRefresh":true,"showFog":true,"showSkybox":true,"showFlares":true,"showImageEffects":true,"showParticleSystems":true,"showVisualEffectGraphs":true,"m_FxEnabled":true},"in2DMode":false,"pivot":{"x":-0.1674651950597763,"y":-2.3265907764434816,"z":-0.9875019788742065},"rotation":{"x":-0.0036692211870104076,"y":-0.9655814170837402,"z":0.2597736120223999,"w":-0.013590618036687374},"size":6.347489356994629,"orthographic":false}