{"cameraMode":{"drawMode":0,"name":"Shaded","section":"Shading Mode"},"sceneLighting":true,"audioPlay":false,"sceneViewState":{"m_AlwaysRefresh":true,"showFog":true,"showSkybox":true,"showFlares":true,"showImageEffects":true,"showParticleSystems":true,"showVisualEffectGraphs":true,"m_FxEnabled":true},"in2DMode":false,"pivot":{"x":6.340277671813965,"y":-2.765075206756592,"z":0.1602025032043457},"rotation":{"x":0.39622387290000918,"y":0.1924706995487213,"z":-0.08534455299377442,"w":0.8937098383903503},"size":3.9033939838409426,"orthographic":false}