{"cameraMode":{"drawMode":0,"name":"Shaded","section":"Shading Mode"},"sceneLighting":true,"audioPlay":false,"sceneViewState":{"m_AlwaysRefresh":true,"showFog":true,"showSkybox":true,"showFlares":true,"showImageEffects":true,"showParticleSystems":true,"showVisualEffectGraphs":true,"m_FxEnabled":true},"in2DMode":false,"pivot":{"x":4.914618492126465,"y":-0.6362650394439697,"z":3.478551149368286},"rotation":{"x":0.3384777903556824,"y":-0.009291036054491997,"z":0.003340440569445491,"w":0.9409405589103699},"size":6.203525543212891,"orthographic":false}