{"cameraMode":{"drawMode":0,"name":"Shaded","section":"Shading Mode"},"sceneLighting":true,"audioPlay":false,"sceneViewState":{"m_AlwaysRefresh":true,"showFog":true,"showSkybox":true,"showFlares":true,"showImageEffects":true,"showParticleSystems":true,"showVisualEffectGraphs":true,"m_FxEnabled":true},"in2DMode":false,"pivot":{"x":-0.8358399868011475,"y":0.34009885787963869,"z":4.08862829208374},"rotation":{"x":-0.42351609468460085,"y":-0.22885899245738984,"z":0.11148915439844132,"w":-0.8693867921829224},"size":13.075364112854004,"orthographic":false}