{"cameraMode":{"drawMode":0,"name":"Shaded","section":"Shading Mode"},"sceneLighting":true,"audioPlay":false,"sceneViewState":{"m_AlwaysRefresh":true,"showFog":true,"showSkybox":true,"showFlares":true,"showImageEffects":true,"showParticleSystems":true,"showVisualEffectGraphs":true,"m_FxEnabled":true},"in2DMode":false,"pivot":{"x":7.9946184158325199,"y":-2.182530164718628,"z":-0.9414490461349487},"rotation":{"x":-0.4064957797527313,"y":-0.028493456542491914,"z":0.012765470892190934,"w":-0.9131833910942078},"size":7.154930114746094,"orthographic":false}